Name,Description,Tab,Type
Solution Mechanism Name,Name of the Solution Mechanism,Information,text
Brief Description,A brief description of the Solution Mechanism,Information,textarea
More Information,More relevant information and details about the Solution Mechanism,Information,textarea
Other Known Names,Other known acronyms or names for the Solution Mechanism that are often used,Information,text
Deliverable Type,What deliverable can be expected from using the Solution Mechanism ,Information,picklist
Kickoff Restrictions for Solution Mechanism,Deadline or kickoff restrictions for the Solution Mechanism,Information,text
Relevant Links and Guidance,Website links that can provide more information,Information,text
Examples,"Follow current structure (name, description, ability to add visuals/attachments/links)",Information,text
Point of Contact (POC): Name and Email Address,Point of Contact (POC): Name and Email Address,Information,text
Duration of Solution Mechanism,Time expectations related to each phase of the Solution Mechanism,Information,picklist
Cost of Solution Mechanism,Associated monetary costs for the Solution Mechanism,How to start,number
Time Investment,Expected time investment for the Technical POC and Solution Mechanism POC for each phase of the Solution Mechanism,How to start,picklist
Solution Mechanism Metrics,Metrics,How to start,picklist
Repository,Site where data for the Solution Mechanism,How to start,text
Attachments,Attachments,How to start,image
Graphics,Images or visuals that are relevant to the Solution Mechanism,How to start,image